,City,Cloudiness,Date,Humidity,Lat,Lng,Max Temp,Wind Speed,Country
0,mataura,64,1553274605,89,-46.19,168.86,288.71,1.21,NZ
2,hilo,90,1553274861,88,19.71,-155.08,292.15,2.1,US
3,bluff,48,1553274910,86,-23.58,149.07,294.613,2.76,AU
4,chuy,64,1553274911,92,-33.69,-53.46,292.913,2.31,UY
5,rikitea,64,1553274912,98,-23.12,-134.97,299.263,7.66,PF
6,punta arenas,75,1553274802,50,-53.16,-70.91,287.15,5.7,CL
7,tiksi,76,1553274916,75,71.64,128.87,258.063,2.46,RU
9,barrow,0,1553274918,52,-38.31,-60.23,295.713,6.76,AR
10,meulaboh,32,1553274919,100,4.14,96.13,300.413,1.66,ID
11,thompson,75,1553270400,63,55.74,-97.86,271.15,3.6,CA
12,aleksandrov gay,0,1553274922,91,50.14,48.57,271.713,2.11,RU
13,sao joao da barra,90,1553270400,78,-21.64,-41.05,298.15,5.1,BR
14,hermanus,20,1553274080,75,-34.42,19.24,296.48,3.13,ZA
15,vaini,0,1553274926,70,15.34,74.49,293.613,1.31,IN
16,natal,40,1553270400,55,-5.81,-35.21,306.15,4.6,BR
17,portland,40,1553274635,70,45.52,-122.67,285.37,2.1,US
18,atuona,88,1553274931,100,-9.8,-139.03,300.713,7.01,PF
19,takoradi,32,1553274932,95,4.89,-1.75,302.063,4.76,GH
20,chokurdakh,0,1553274934,33,70.62,147.9,242.713,1.66,RU
21,albany,90,1553274903,95,42.65,-73.75,278.71,4.1,US
22,neryungri,0,1553274936,41,56.66,124.71,246.563,1.26,RU
23,ahipara,20,1553274938,100,-35.17,173.16,287.763,1.26,NZ
24,sangar,76,1553274940,65,63.92,127.47,256.763,5.71,RU
25,georgetown,75,1553270400,66,6.8,-58.16,303.15,7.2,GY
26,mitha tiwana,88,1553274943,61,32.24,72.11,290.863,2.61,PK
27,maniitsoq,0,1553274944,100,65.42,-52.9,255.163,3.46,GL
28,upernavik,36,1553274946,100,72.79,-56.15,249.613,2.71,GL
29,lompoc,20,1553274936,82,34.64,-120.46,288.71,2.6,US
30,khatanga,0,1553274949,53,71.98,102.47,245.113,1.56,RU
31,buraydah,0,1553270400,38,26.33,43.97,298.15,3.1,SA
32,dikson,36,1553274952,100,73.51,80.55,258.363,7.46,RU
33,esperance,75,1553274949,52,10.24,-61.45,305.15,6.2,TT
34,samarai,76,1553274955,100,-10.62,150.67,300.813,4.96,PG
36,bathsheba,75,1553274000,66,13.22,-59.52,302.15,10.3,BB
37,talnakh,0,1553274959,54,69.49,88.39,252.513,1.16,RU
38,durham,20,1553274932,76,54.78,-1.58,285.37,6.2,GB
39,jamestown,68,1553274899,85,-33.21,138.6,289.213,1.76,AU
40,kysyl-syr,76,1553274965,86,63.9,122.77,263.463,2.56,RU
41,hobart,75,1553274855,77,-42.88,147.33,290.15,5.1,AU
42,ponta do sol,92,1553274968,84,-20.63,-46,295.413,5.21,BR
43,tasiilaq,75,1553273400,62,65.61,-37.64,266.15,1.5,GL
44,newberry,90,1553273700,68,46.35,-85.51,271.15,8.2,US
45,busselton,32,1553274916,52,-33.64,115.35,285.93,8.41,AU
46,kapaa,40,1553274099,73,22.08,-159.32,295.15,6.2,US
49,port alfred,8,1553274909,93,-33.59,26.89,293.71,0.45,ZA
50,port keats,36,1553274978,79,-14.25,129.55,303.313,5.91,AU
51,ushuaia,75,1553274000,93,-54.81,-68.31,281.15,2.6,AR
52,jalingo,0,1553274981,28,10.3,10.93,307.113,1.96,NG
53,porto novo,75,1553270400,73,-23.68,-45.44,295.15,4.6,BR
54,linjiang,0,1553274984,70,41.81,126.91,262.563,2.11,CN
55,grenville,90,1553274957,93,45.62,-74.6,275.93,4.1,CA
56,backa topola,0,1553271300,25,45.82,19.63,290.15,3.1,RS
57,lodingen,75,1553274966,60,68.41,16,277.59,8.7,NO
59,qaanaaq,0,1553274991,74,77.48,-69.36,241.163,5.16,GL
60,iqaluit,20,1553274777,61,63.75,-68.52,244.26,8.7,CA
61,codrington,88,1553274746,94,-28.95,153.24,295.15,2.1,AU
63,provideniya,88,1553274995,100,64.42,-173.23,262.363,9.86,RU
64,naze,56,1553274997,71,5.43,7.07,302.413,2.76,NG
65,geraldton,20,1553270400,52,49.72,-86.95,266.15,5.1,CA
66,goure,0,1553275000,34,13.98,10.27,306.213,1.21,NE
68,san patricio,0,1553275002,65,-26.98,-56.83,298.613,1.61,PY
70,banepa,20,1553273400,48,27.63,85.52,289.15,2.1,NP
71,nuuk,40,1553269800,61,64.17,-51.74,262.15,5.1,GL
72,bereda,0,1553274926,72,43.27,-7.54,288.15,3.1,ES
73,castro,75,1553274000,72,-42.48,-73.76,288.15,6.7,CL
74,nanakuli,75,1553274872,73,21.39,-158.15,295.15,3.1,US
75,banda aceh,8,1553275011,94,5.56,95.32,296.313,0.81,ID
76,los llanos de aridane,40,1553274906,59,28.66,-17.92,292.15,9.3,ES
77,balkhash,0,1553275015,84,46.84,74.98,268.913,1.66,KZ
78,torbay,75,1553274992,59,47.66,-52.73,277.04,9.3,CA
79,hammerfest,75,1553273400,74,70.66,23.68,274.15,9.8,NO
81,longyearbyen,40,1553273400,79,78.22,15.63,270.15,4.6,NO
82,axim,20,1553275021,93,4.87,-2.24,302.513,6.26,GH
83,cape town,0,1553274782,60,-33.93,18.42,296.48,6.7,ZA
84,hirara,88,1553275024,100,24.8,125.28,294.313,9.41,JP
86,puerto ayora,0,1553274997,70,-0.74,-90.35,302.15,3.1,EC
87,loreto,20,1553275030,91,-23.27,-57.32,301.763,1.96,PY
88,spencer,1,1553275011,93,43.14,-95.14,281.15,3.1,US
89,phan thiet,0,1553274753,100,10.93,108.1,298.963,2.66,VN
90,kodiak,1,1553275024,9,39.95,-94.76,287.59,2.1,US
91,plettenberg bay,80,1553275036,92,-34.05,23.37,294.213,7.61,ZA
92,yellowknife,20,1553274836,96,62.45,-114.38,273.71,6.2,CA
93,boa vista,40,1553274000,34,2.82,-60.67,308.15,4.6,BR
95,constantine,75,1553272200,71,36.36,6.61,284.15,1,DZ
96,husavik,0,1553274925,62,50.56,-96.99,276.48,1.34,CA
97,clyde river,75,1553270400,68,70.47,-68.59,247.15,2.6,CA
98,cayenne,75,1553274000,62,4.94,-52.33,304.15,6.2,GF
99,alberdi,0,1553274000,51,-26.19,-58.14,300.15,3.1,AR
100,aitape,20,1553275050,100,-3.15,142.36,298.913,3.16,PG
101,nome,1,1553275016,33,30.04,-94.42,298.15,2.1,US
102,sokolo,92,1553275054,24,14.74,-6.12,305.513,2.36,ML
105,murray bridge,8,1553274997,71,-35.12,139.28,295.37,3.58,AU
106,alyangula,75,1553270400,66,-13.85,136.42,303.15,4.1,AU
107,cedar rapids,1,1553274741,42,41.98,-91.67,283.71,4.1,US
108,half moon bay,90,1553274797,87,37.46,-122.43,285.37,3.1,US
109,khandyga,0,1553275062,51,62.65,135.58,245.313,1.31,RU
111,frunzivka,36,1553275063,62,47.33,29.75,284.213,7.36,UA
112,nizhniy ufaley,0,1553275065,78,55.91,59.99,268.563,1.06,RU
113,reinosa,0,1553274976,51,43,-4.14,289.26,1.5,ES
114,margate,75,1553275041,77,-43.03,147.26,290.15,5.1,AU
115,vanavara,76,1553275069,81,60.35,102.28,270.813,4.01,RU
117,toora-khem,0,1553275071,65,52.47,96.11,259.463,1.01,RU
118,vostok,8,1553275072,72,46.45,135.83,261.613,1.46,RU
119,port hardy,75,1553270400,93,50.7,-127.42,281.15,1,CA
120,gat,0,1553272200,60,14.69,-16.54,297.15,6.2,SN
121,caravelas,44,1553275077,100,-17.73,-39.27,300.813,7.11,BR
122,devonport,8,1553275002,82,-41.18,146.36,290.37,4.47,AU
124,bethel,75,1553273760,86,60.79,-161.76,276.15,4.6,US
125,butaritari,92,1553275078,100,3.07,172.79,298.213,1.51,KI
126,east london,20,1553274000,88,-33.02,27.91,294.15,5.1,ZA
127,mushie,48,1553275085,71,-3.02,16.92,301.213,0.71,CD
128,anadyr,0,1553274802,75,64.73,177.51,245.37,10,RU
129,capreol,75,1553275027,62,46.71,-80.92,268.71,10.3,CA
130,avarua,64,1553274000,94,-21.21,-159.78,299.15,2.1,CK
131,faanui,88,1553275092,100,-16.48,-151.75,301.713,4.11,PF
132,saskylakh,76,1553275075,84,71.97,114.09,253.863,8.76,RU
133,carnarvon,36,1553275094,27,-30.97,22.13,292.063,1.26,ZA
134,hasaki,75,1553274141,66,35.73,140.83,282.15,0.5,JP
135,matagami,12,1553275097,78,9.67,8.4,297.013,1.21,NG
136,lebu,0,1553275099,35,8.96,38.73,289.213,2.76,ET
137,new norfolk,75,1553275094,77,-42.78,147.06,290.15,5.1,AU
138,sambava,36,1553275102,100,-14.27,50.17,301.913,7.01,MG
139,baisha,12,1553275104,82,19.23,109.45,294.763,0.71,CN
140,praia da vitoria,40,1553274954,64,38.73,-27.07,293.15,5.56,PT
141,newport,75,1553274792,76,51.59,-3,285.37,3.1,GB
142,bandarbeyla,48,1553275109,100,9.49,50.81,299.013,3.61,SO
143,proletarskiy,75,1553274000,86,50.79,35.77,276.15,7,RU
144,mangan,56,1553275112,91,27.5,88.54,268.063,0.31,IN
146,arraial do cabo,75,1553270400,39,-22.97,-42.02,300.15,6.7,BR
147,hervey bay,0,1553274909,94,-25.3,152.85,295.93,3.1,AU
148,saint-philippe,90,1553275112,93,45.36,-73.48,275.93,5.1,CA
150,norman wells,90,1553270400,79,65.28,-126.83,266.15,4.6,CA
151,srednekolymsk,0,1553275120,44,67.46,153.71,247.163,1.26,RU
152,haines junction,48,1553275122,84,60.75,-137.51,273.013,1.11,CA
154,hami,56,1553275124,55,42.84,93.51,274.313,0.66,CN
155,victoria,75,1553274000,94,5.28,115.24,298.15,1,BN
156,uch,0,1553275111,22,45.32,-0.93,294.15,1,FR
157,bahia honda,0,1553275129,52,22.9,-83.16,298.613,3.81,CU
159,bredasdorp,20,1553274934,68,-34.53,20.04,293.15,4.6,ZA
160,touros,40,1553270400,70,-5.2,-35.46,303.15,5.1,BR
162,port elizabeth,90,1553275040,65,39.31,-74.98,283.15,9.8,US
163,semey,0,1553275136,70,50.41,80.25,266.163,2.11,KZ
164,vila franca do campo,20,1553272200,82,37.72,-25.43,289.15,3.6,PT
165,les cayes,8,1553275140,99,18.19,-73.75,299.713,4.11,HT
166,isangel,92,1553275141,100,-19.55,169.27,298.363,5.06,VU
167,airai,24,1553275143,90,-8.93,125.41,293.713,0.76,TL
168,ribeira grande,40,1553272200,82,38.52,-28.7,290.15,4.1,PT
169,campo maior,0,1553274874,21,39.01,-7.07,294.15,5.1,ES
170,butterworth,90,1553274000,94,5.4,100.37,302.04,7.2,MY
171,waiuku,90,1553275137,100,-37.25,174.73,289.82,1,NZ
172,mahebourg,40,1553274841,78,-20.41,57.7,301.15,5.7,MU
173,herat,0,1553273700,71,34.35,62.22,284.15,1.5,AF
174,ilulissat,40,1553273400,39,69.22,-51.1,251.15,2.6,GL
175,timizart,88,1553274957,69,36.8,4.25,286.48,1.34,DZ
177,bambous virieux,40,1553275141,78,-20.34,57.76,301.15,5.7,MU
178,talakan,36,1553275159,65,50.29,130.28,260.963,2.31,RU
179,mahajanga,40,1553274000,83,-15.72,46.32,301.15,2.1,MG
180,toktogul,80,1553275154,89,41.87,72.95,274.82,0.91,KG
181,capela do alto,56,1553274893,50,-23.47,-47.74,300.93,2.24,BR
182,puerto leguizamo,92,1553275165,87,-0.19,-74.78,299.363,1.41,CO
183,sampit,56,1553275167,95,-2.54,112.95,295.813,1.51,ID
184,cherskiy,0,1553275168,31,68.75,161.3,243.413,1.96,RU
185,kununurra,0,1553274000,61,-15.77,128.74,301.15,2.1,AU
186,parrita,0,1553274969,47,9.52,-84.33,301.15,9.3,CR
187,nouakchott,20,1553272200,73,18.08,-15.98,294.15,6.2,MR
188,gladstone,24,1553274596,83,-23.84,151.26,297.15,2.1,AU
189,kuusamo,0,1553273400,73,65.96,29.19,269.15,2.6,FI
191,vao,0,1553275143,73,59.1,26.19,272.413,3.71,EE
193,bud,75,1553275014,57,62.91,6.91,284.15,5.7,NO
194,isabela,0,1553275182,86,10.2,122.99,296.863,2.06,PH
195,luderitz,0,1553274917,78,-26.65,15.16,290.413,4.16,NA
196,tuktoyaktuk,75,1553271600,77,69.44,-133.03,254.15,4.6,CA
197,colac,88,1553275028,73,-38.34,143.59,294.26,0.89,AU
198,kastamonu,0,1553275170,65,41.38,33.78,272.263,1.11,TR
199,madang,92,1553275189,100,-5.21,145.81,295.713,1.71,PG
200,kardla,0,1553275095,41,58.44,26.57,277.15,4.6,EE
201,saint george,20,1553273400,62,39.45,22.34,290.15,2.6,GR
202,manali,0,1553275194,50,32.25,77.19,246.863,0.51,IN
203,khani,75,1553274000,100,41.96,42.96,280.15,3.6,GE
204,kahului,40,1553275023,73,20.89,-156.47,295.37,6.7,US
205,strezhevoy,90,1553274000,65,60.73,77.6,273.15,2,RU
207,paducah,1,1553275000,38,37.08,-88.6,289.26,5.1,US
208,broome,75,1553275177,76,52.47,1.45,284.82,6.7,GB
209,yar-sale,36,1553275204,82,66.83,70.83,263.663,1.51,RU
210,dingle,0,1553275205,89,11,122.67,297.063,5.06,PH
211,carutapera,92,1553275207,85,-1.2,-46.02,300.913,3.86,BR
212,souillac,0,1553275111,35,45.6,-0.6,293.15,1.5,FR
214,perigueux,0,1553275171,34,45.18,0.72,293.15,2.1,FR
217,eyrarbakki,90,1553275003,100,63.86,-21.15,274.82,14.9,IS
218,north myrtle beach,1,1553275211,38,33.83,-78.68,290.93,5.7,US
219,merrill,88,1553275192,61,42.03,-121.6,278.71,1.34,US
221,wanning,0,1553275216,44,48.64,13.53,290.93,3.1,AT
222,tacoronte,40,1553275215,72,28.48,-16.41,294.26,7.7,ES
223,mutare,64,1553275220,89,-18.97,32.67,293.013,1.41,MZ
224,havre-saint-pierre,90,1553270400,59,50.23,-63.6,276.15,3.1,CA
225,jalu,0,1553275223,52,29.03,21.55,295.413,3.86,LY
226,klaksvik,64,1553273400,94,62.23,-6.59,278.15,11.3,FO
227,mar del plata,64,1553275226,47,-46.43,-67.52,294.513,4.46,AR
228,les ponts-de-ce,0,1553275176,42,47.42,-0.52,291.48,1.5,FR
229,wanlaweyn,0,1553275229,61,2.62,44.89,301.513,6.36,SO
230,sao filipe,0,1553275231,93,14.9,-24.5,295.263,5.86,CV
231,san quintin,0,1553275232,83,17.54,120.52,292.213,1.61,PH
232,muros,0,1553275204,36,42.77,-9.06,292.59,3.1,ES
233,morehead,40,1553275020,53,38.18,-83.43,283.71,5.1,US
236,saldanha,0,1553275238,27,41.42,-6.55,289.263,1.16,PT
238,nicolet,90,1553275178,93,46.23,-72.62,275.93,4.6,CA
239,hithadhoo,88,1553275241,100,-0.6,73.08,303.063,2.66,MV
240,darhan,0,1553275243,60,49.49,105.92,264.313,3.11,MN
241,nkhotakota,8,1553275244,97,-12.93,34.3,295.963,3.16,MW
242,garango,0,1553275246,18,11.8,-0.55,309.413,1.91,BF
243,namibe,0,1553275248,98,-15.19,12.15,299.163,1.16,AO
244,fortuna,0,1553275224,55,38.18,-1.13,292.15,4.6,ES
245,california city,1,1553275036,50,35.13,-117.99,287.04,3.6,US
246,alofi,90,1553274000,83,-19.06,-169.92,297.15,2.6,NU
247,elko,90,1553275204,81,40.83,-115.76,279.15,4.1,US
248,guerrero negro,0,1553275255,56,27.97,-114.04,291.913,3.16,MX
250,trairi,68,1553275257,100,-3.28,-39.27,300.063,3.31,BR
251,yanam,0,1553274000,74,16.73,82.22,299.15,3.76,IN
252,benalla,88,1553275007,87,-36.55,145.99,294.26,4.76,AU
253,carauari,32,1553275262,57,-4.88,-66.9,306.863,1.76,BR
254,acari,68,1553275263,94,-6.44,-36.64,298.313,2.26,BR
255,ancud,75,1553274000,72,-41.87,-73.83,288.15,6.7,CL
256,ayan,0,1553275267,60,40.67,33.6,272.513,0.61,TR
257,ibiapina,48,1553275268,97,-3.92,-40.89,297.913,1.66,BR
258,veraval,0,1553275210,48,49.65,0.71,289.26,2.1,FR
259,sur,0,1553275271,98,22.57,59.53,295.613,3.11,OM
260,poum,0,1553274000,22,41.28,20.71,286.15,2.1,MK
261,hazorasp,90,1553274000,62,41.32,61.08,286.15,4.1,UZ
262,richards bay,76,1553275276,100,-28.77,32.06,294.013,1.21,ZA
263,kruisfontein,36,1553275277,84,-34,24.73,293.013,5.71,ZA
264,trelleborg,90,1553275212,87,55.38,13.15,281.48,5.7,SE
265,saint-augustin,0,1553274925,22,44.83,-0.61,294.15,1,FR
266,sabzevar,24,1553275281,90,36.21,57.68,274.013,1.16,IR
267,ostrovnoy,0,1553275283,79,68.05,39.51,265.413,4.21,RU
268,suraia,32,1553275284,52,45.68,27.38,284.313,3.41,RO
269,walvis bay,20,1553274129,68,-22.95,14.51,291.15,3.6,NA
270,ust-tsilma,76,1553275287,91,65.44,52.15,271.663,2.26,RU
271,uchkent,40,1553274000,75,43.11,47.08,280.15,5,RU
272,lucapa,20,1553275290,75,-8.42,20.74,297.313,1.96,AO
273,turukhansk,64,1553275291,91,65.8,87.96,268.613,2.41,RU
274,deputatskiy,8,1553275293,62,69.3,139.9,235.663,1.21,RU
277,constitucion,20,1553274616,21,23.99,-104.67,292.59,3.1,MX
278,bonavista,32,1553274938,72,48.65,-53.11,275.93,2.24,CA
279,sisimiut,12,1553275298,67,66.94,-53.67,249.613,1.16,GL
280,kurchum,0,1553275299,61,48.57,83.65,265.063,2.86,KZ
281,eureka,75,1553275040,100,40.8,-124.16,284.26,11.3,US
282,severo-kurilsk,92,1553275302,96,50.68,156.12,272.363,14.26,RU
283,ambovombe,92,1553275304,99,-25.18,46.09,296.763,6.91,MG
284,ca mau,0,1553275211,96,9.18,105.15,299.263,0.91,VN
285,concepcion,0,1553275307,56,9.56,-73.66,306.813,1.36,CO
286,fare,56,1553275309,97,-16.7,-151.02,302.163,4.21,PF
287,tavrichanka,0,1553274000,72,43.33,131.86,264.15,1.21,RU
288,moussoro,8,1553275312,50,13.64,16.49,305.063,1.26,TD
289,rocha,80,1553275016,61,-34.48,-54.34,294.163,2.41,UY
290,leningradskiy,20,1553275315,49,69.38,178.42,246.063,1.66,RU
292,kemi,0,1553273400,79,65.74,24.56,270.15,4.1,FI
293,soyo,92,1553275319,75,-6.13,12.37,302.463,3.31,AO
295,commerce,1,1553275315,29,34.2,-83.46,291.15,5.7,US
296,cabo san lucas,5,1553275023,56,22.89,-109.91,299.82,2.1,MX
297,zyryanka,24,1553275323,69,65.73,150.89,254.413,3.06,RU
298,kosh-agach,0,1553275325,64,49.99,88.66,258.313,1.01,RU
299,prince rupert,90,1553270400,87,54.32,-130.32,280.15,3.1,CA
301,sitka,92,1553275035,45,37.17,-99.65,288.71,4.92,US
302,rumonge,12,1553275329,99,-3.97,29.44,298.213,0.76,BI
303,port hedland,68,1553274000,79,-20.31,118.58,302.15,9.3,AU
304,mayo,40,1553270400,74,63.59,-135.9,275.15,2.1,CA
305,kalmunai,0,1553275334,96,7.42,81.82,297.413,1.21,LK
306,chelmsford,90,1553275323,81,51.73,0.47,284.26,4.1,GB
307,lagoa,0,1553275331,42,37.14,-8.45,293.71,5.7,PT
308,balkanabat,0,1553275339,89,39.51,54.36,275.813,1.16,TM
309,tuatapere,56,1553275205,89,-46.13,167.69,288.71,1.36,NZ
310,luyang,0,1553274000,70,31.88,117.26,281.15,2,CN
311,cidreira,76,1553275343,91,-30.17,-50.22,293.213,4.81,BR
312,noumea,0,1553274000,73,-22.28,166.46,297.15,1,NC
313,whitehorse,40,1553274945,74,60.72,-135.06,278.15,6.7,CA
316,singapore,75,1553274009,83,1.29,103.85,301.15,1,MY
317,hastings,8,1553275129,100,-39.64,176.84,288.713,2.66,NZ
318,svetlaya,0,1553275351,100,46.54,138.33,266.213,5.91,RU
319,berlevag,20,1553273400,100,70.86,29.09,273.15,11.3,NO
321,fortaleza,40,1553275309,70,-3.73,-38.52,303.15,5.1,BR
322,la paz,5,1553272860,43,24.15,-110.32,295.15,3.6,MX
324,hatillo,75,1553275320,61,18.49,-66.83,303.71,2.6,PR
325,arawa,36,1553275360,49,7.05,3.9,305.213,1.96,NG
326,tongchuan,0,1553274000,55,34.9,108.95,275.15,2,CN
327,oum hadjer,24,1553275363,48,13.3,19.7,303.313,1.26,TD
328,bilma,0,1553275365,13,18.69,12.92,304.213,3.76,NE
330,bonthe,0,1553275366,68,7.53,-12.5,304.113,2.01,SL
331,sistranda,75,1553275310,84,63.73,8.83,282.15,10.3,NO
332,saint-pierre,0,1553275324,38,48.95,4.24,291.15,2.1,FR
333,chamlykskaya,88,1553275371,60,44.72,40.87,279.813,6.81,RU
334,solnice,0,1553275360,42,50.2,16.24,291.15,1,CZ
335,buluang,20,1553274000,78,10.47,123.98,298.15,1.5,PH
336,segovia,0,1553275325,24,40.95,-4.12,292.15,1.5,ES
337,lukaya,0,1553275377,74,-0.15,31.87,294.663,2.01,UG
339,manzil salim,75,1553270400,81,35.86,8.48,280.15,6.2,TN
340,yuyao,90,1553275265,81,30.04,121.15,283.15,3,CN
341,batemans bay,64,1553275018,96,-35.71,150.18,290.93,0.45,AU
342,poltavka,0,1553275383,68,54.36,71.76,265.063,1.21,RU
344,mangrol,0,1553275385,48,25.33,76.51,290.513,1.66,IN
345,mana,0,1553272200,30,43.52,20.24,288.15,3.1,RS
346,merauke,64,1553275372,95,-8.49,140.4,299.613,4.96,ID
347,kalachinsk,80,1553275390,88,55.05,74.58,271.113,1.31,RU
348,nicoya,0,1553274000,41,10.15,-85.45,306.15,10.8,CR
349,digha,0,1553275393,98,21.62,87.51,298.913,4.36,IN
350,seminole,40,1553275283,72,32.72,-102.64,290.37,9.3,US
351,celano,0,1553274887,42,42.09,13.54,293.15,5.1,IT
352,lasa,20,1553274905,63,34.92,32.53,291.15,1.66,CY
353,petatlan,5,1553272800,62,17.52,-101.27,302.15,2.06,MX
354,komsomolskiy,68,1553275401,95,67.55,63.78,267.413,1.61,RU
355,solnechnyy,0,1553275402,75,50.72,136.64,255.063,2.26,RU
356,mezhdurechensk,0,1553275403,69,53.69,88.07,265.863,1.51,RU
358,dongsheng,0,1553275405,89,29.72,112.52,279.713,2.66,CN
359,darnah,32,1553275206,98,32.77,22.64,289.563,8.16,LY
360,belyy yar,0,1553274000,33,53.6,91.39,272.15,2,RU
361,barra patuca,80,1553275409,84,15.8,-84.28,299.813,6.71,HN
362,nikolskoye,0,1553274886,55,59.7,30.79,277.15,5,RU
363,beyneu,24,1553275413,78,45.32,55.19,278.163,2.16,KZ
364,sladkovo,0,1553275414,62,55.53,70.34,261.813,1.26,RU
367,vysha,88,1553275417,92,53.85,42.38,272.913,4.01,RU
368,naryan-mar,56,1553275418,91,67.67,53.09,267.663,2.21,RU
370,hobyo,56,1553275420,86,5.35,48.53,299.263,5.81,SO
371,tarpon springs,1,1553275258,37,28.15,-82.76,297.04,2.6,US
373,port lincoln,0,1553275223,100,-34.72,135.86,289.613,3.56,AU
374,avera,1,1553275392,31,33.19,-82.53,291.48,6.2,US
375,salalah,40,1553273400,74,17.01,54.1,299.15,2.6,OM
376,gangapur,0,1553275428,42,19.7,75.01,294.813,2.96,IN
377,williamsburg,20,1553275239,41,37.27,-76.71,288.71,6.7,US
378,bowen,90,1553275391,88,-20.01,148.25,298.15,6.46,AU
379,ushtobe,0,1553275433,81,45.25,77.98,274.913,0.91,KZ
380,ibipeba,80,1553275434,87,-11.64,-42.01,296.413,4.01,BR
381,mirnyy,88,1553275436,85,56.57,36.46,272.313,8.96,RU
382,thanesar,0,1553275437,48,29.98,76.83,290.163,5.46,IN
383,fuerte olimpo,12,1553275439,79,-21.04,-57.87,303.163,1.86,BR
384,padang,40,1553272200,83,-0.92,100.36,299.15,2.1,ID
385,marsa matruh,0,1553270400,77,31.35,27.25,290.15,3.6,EG
386,middelburg,32,1553275443,60,-25.77,29.46,292.913,3.51,ZA
387,limerick,75,1553272200,53,52.66,-8.63,283.15,7.2,IE
389,stepanov,68,1553275446,77,47.64,38.83,279.263,8.41,RU
390,kenai,1,1553275324,89,60.55,-151.26,277.04,5.7,US
391,fort smith,1,1553274948,39,35.39,-94.42,290.15,1.96,US
392,yumen,0,1553275451,61,40.29,97.04,268.863,3.56,CN
393,camacari,75,1553272800,79,-12.7,-38.32,303.15,5.1,BR
394,angoche,24,1553275453,100,-16.23,39.91,300.413,2.06,MZ
395,ola,68,1553275455,96,59.58,151.3,264.413,1.16,RU
396,maxixe,40,1553274000,78,-23.86,35.35,300.15,5.26,MZ
397,sinegorskiy,88,1553275458,80,48.01,40.84,278.313,7.06,RU
398,alice springs,0,1553274000,23,-23.7,133.88,296.15,2.6,AU
399,caloundra,40,1553275440,88,-26.8,153.14,297.15,2.1,AU
400,white oak,75,1553275445,74,39.04,-76.99,284.26,6.7,US
401,the pas,1,1553274000,60,53.82,-101.24,278.15,4.1,CA
402,qasigiannguit,40,1553273400,39,68.82,-51.19,251.15,2.6,GL
403,santander,0,1553275468,98,9.42,123.33,298.063,4.76,PH
404,pathein,0,1553275469,78,16.78,94.73,298.263,4.16,MM
406,alpena,40,1553275402,68,45.06,-83.43,273.71,8.2,US
407,nioki,24,1553275472,88,-2.72,17.69,298.563,1.51,CD
408,aykhal,68,1553275474,84,65.95,111.51,262.313,4.11,RU
409,worland,1,1553275231,40,44.02,-107.96,287.04,9.8,US
410,shikarpur,40,1553274000,64,27.96,68.63,297.15,3.21,PK
411,madras,1,1553275452,75,44.63,-121.13,283.71,2.21,US
412,brilon,0,1553275457,34,51.4,8.57,292.15,4.1,DE
413,kirakira,48,1553275481,99,-10.46,161.92,302.363,3.61,SB
414,aracataca,40,1553275269,70,10.59,-74.19,303.15,2.1,CO
415,iralaya,40,1553270400,74,15,-83.23,301.15,2.6,HN
416,uusikaupunki,0,1553273400,51,60.8,21.41,276.15,2.6,FI
417,tucurui,76,1553275487,80,-3.77,-49.67,301.913,1.36,BR
418,hangu,92,1553275489,93,33.53,71.06,281.413,1.51,PK
419,chalmette,40,1553275307,48,29.94,-89.96,294.82,2.6,US
420,leshukonskoye,68,1553275492,86,64.9,45.76,272.363,1.51,RU
421,arona,0,1553275463,20,45.76,8.56,293.15,2.6,IT
422,pevek,0,1553275367,62,69.7,170.27,243.563,2.46,RU
423,fort nelson,20,1553270400,74,58.81,-122.69,272.15,1.51,CA
424,brae,92,1553273400,65,60.4,-1.35,281.15,14.4,GB
425,mayumba,88,1553275500,97,-3.44,10.65,300.813,3.96,GA
426,ler,0,1553275470,49,63.2,10.3,282.15,13.9,NO
427,cove,1,1553275458,38,29.8,-94.84,298.71,1.86,US
429,storslett,0,1553273400,51,69.77,21.03,275.15,9.3,NO
430,cedar city,90,1553274001,93,37.68,-113.06,276.15,5.1,US
431,hwange,8,1553275508,25,-18.35,26.5,302.563,4.31,ZW
432,cap malheureux,40,1553275440,78,-19.98,57.61,301.15,5.7,MU
433,ballina,75,1553275323,65,54.11,-9.15,282.15,7.7,IE
434,champerico,40,1553273100,48,16.38,-93.6,301.15,2.01,MX
435,hamilton,90,1553275296,64,43.26,-79.87,277.59,9.3,CA
436,gusev,0,1553275515,67,54.59,22.2,275.663,2.61,RU
437,roald,75,1553275503,76,62.58,6.12,284.15,10.8,NO
438,fairbanks,20,1553275350,55,64.84,-147.72,280.37,3.6,US
439,port alberni,75,1553275260,93,49.24,-124.81,286.48,5.1,CA
440,pointe-noire,40,1553274000,79,-4.8,11.85,303.15,4.6,CG
441,puerto escondido,20,1553272860,74,15.86,-97.07,301.15,5.1,MX
442,benguela,24,1553275301,92,-12.58,13.4,301.613,3.51,AO
443,taiyuan,0,1553274000,29,37.86,112.56,274.15,1,CN
444,hambantota,0,1553275299,100,6.12,81.12,301.113,3.31,LK
445,guiratinga,24,1553275527,63,-16.35,-53.76,304.363,3.76,BR
447,maloy,24,1553275529,94,1,118.1,297.463,0.91,ID
448,salinopolis,92,1553275530,100,-0.61,-47.36,300.063,4.56,BR
449,narsaq,90,1553273400,79,60.91,-46.05,266.15,0.5,GL
450,moose factory,90,1553274000,66,51.26,-80.61,262.15,6.2,CA
451,tyret pervaya,8,1553275535,70,53.67,102.31,262.113,1.31,RU
452,atar,92,1553275536,39,20.52,-13.05,299.463,2.56,MR
453,shimoda,75,1553275372,62,34.7,138.93,285.15,1.5,JP
454,martapura,44,1553272200,100,-3.41,114.85,304.15,1.5,ID
455,mitsamiouli,20,1553274000,78,-11.38,43.28,301.15,2.1,KM
456,kavieng,68,1553275375,100,-2.57,150.8,301.713,3.41,PG
457,bontang,20,1553275543,100,0.12,117.47,299.463,2.21,ID
458,cabedelo,75,1553270400,55,-6.97,-34.84,305.15,4.1,BR
459,san antonio,0,1553274000,60,-33.58,-71.61,297.15,5.7,CL
461,mikhaylovka,0,1553275550,72,52.96,103.29,262.713,1.06,RU
462,pobe,36,1553275551,55,6.98,2.66,305.363,1.41,BJ
464,lambare,0,1553274000,42,-25.35,-57.61,301.15,2.1,PY
465,monrovia,75,1553274000,70,6.33,-10.8,303.15,3.46,LR
466,oktyabrskoye,0,1553275232,63,56.73,85.44,273.71,2,RU
467,alamos,0,1553275558,54,-36.9,-62.36,295.913,5.36,AR
468,beloha,92,1553275560,93,-25.17,45.06,295.613,4.81,MG
469,belmonte,0,1553274992,35,40.36,-7.35,290.93,1.79,PT
470,flinders,90,1553275548,100,-34.58,150.85,292.59,3.1,AU
471,mettur,24,1553275564,85,11.8,77.8,296.313,1.16,IN
472,rio grande,40,1553274000,53,-32.03,-52.1,298.15,6.2,BR
473,san policarpo,76,1553275567,95,12.18,125.51,297.863,4.31,PH
474,san cristobal,75,1553274912,63,-0.39,-78.55,291.15,2.1,EC
475,oni,80,1553275570,96,42.59,43.44,270.263,0.81,GE
476,quang ngai,12,1553275571,91,15.12,108.8,293.813,0.81,VN
478,kavaratti,0,1553275574,100,10.57,72.64,302.013,4.31,IN
479,saint-louis,0,1553275495,31,47.59,7.56,291.15,2.1,CH
480,kuragino,0,1553275577,67,53.89,92.68,265.663,1.26,RU
481,necochea,24,1553275387,41,-38.55,-58.74,298.15,1.34,AR
482,japura,36,1553275580,93,-0.42,102.29,297.163,1.06,ID
483,kilindoni,8,1553275581,100,-7.91,39.67,301.663,4.71,TZ
484,ramgarh,0,1553275583,46,28.17,74.98,290.813,1.76,IN
485,sandpoint,1,1553275426,60,48.28,-116.55,283.71,1.06,US
486,altay,0,1553275586,53,47.83,88.13,255.163,1.16,CN
487,poya,88,1553275587,98,-21.35,165.16,299.513,3.56,NC
488,singleton,0,1553275583,93,-32.57,151.17,290.93,1.01,AU
489,chapais,90,1553275320,86,49.78,-74.86,273.15,7.2,CA
490,verkhoyansk,20,1553275592,29,67.55,133.39,243.663,1.71,RU
491,tura,24,1553275594,87,25.52,90.21,291.163,1.21,IN
492,staffanstorp,90,1553275591,87,55.64,13.21,281.48,5.7,SE
493,shache,0,1553275146,56,38.42,77.24,283.71,1.34,CN
494,nanortalik,88,1553275577,99,60.14,-45.24,273.663,11.56,GL
495,arlit,32,1553275599,23,18.74,7.39,300.213,2.96,NE
496,omsukchan,48,1553275601,91,62.53,155.8,257.313,2.51,RU
498,cananeia,92,1553275603,100,-25.01,-47.93,294.563,2.56,BR
499,sabang,12,1553275605,99,13.72,123.58,296.863,2.41,PH
500,oytal,36,1553275606,44,42.91,73.27,282.313,2.36,KZ
501,karratha,92,1553275446,67,-20.74,116.85,301.813,9.41,AU
502,santa fe,0,1553275248,38,-31.62,-60.7,299.26,1.79,AR
503,verkhniye kigi,0,1553275612,68,55.41,58.6,266.263,1.51,RU
504,chernyshevskiy,80,1553275614,89,63.01,112.47,267.313,2.41,RU
505,elizabeth city,75,1553275425,41,36.3,-76.22,289.26,7.7,US
506,nalundan,0,1553275617,82,9.75,123.07,296.313,2.16,PH
507,cornwall,90,1553275347,100,45.02,-74.73,275.93,3.1,CA
508,chicama,75,1553274000,78,-7.84,-79.15,296.15,5.1,PE
509,parabel,48,1553275622,79,58.71,81.5,264.913,1.11,RU
510,fenoarivo,75,1553274000,100,-18.93,47.44,292.15,1,MG
511,dabakala,80,1553275625,70,8.36,-4.43,302.363,1.46,CI
512,auki,24,1553275626,24,12.18,6.51,306.063,2.06,NG
514,nabire,92,1553275627,99,-3.36,135.5,292.313,0.91,ID
515,kirov,68,1553275629,87,58.6,49.66,270.713,2.26,RU
516,traiguen,0,1553275630,53,-38.25,-72.68,295.163,3.51,CL
517,bam,44,1553275633,61,29.11,58.36,284.213,0.41,IR
518,kobryn,0,1553275634,49,52.21,24.36,277.813,5.46,BY
519,hrodna,0,1553274902,77,53.68,23.83,280.37,4.81,BY
520,pueblo,1,1553275454,66,38.25,-104.61,285.93,2.66,US
521,dublin,75,1553275416,71,53.35,-6.26,283.71,3.6,IE
522,lavrentiya,88,1553275641,100,65.58,-170.99,260.613,14.31,RU
523,kidal,92,1553275642,11,18.44,1.41,302.013,3.31,ML
524,sao miguel do araguaia,44,1553275643,96,-13.28,-50.16,300.863,2.51,BR
525,katobu,80,1553275443,100,-4.94,122.53,298.613,0.76,ID
526,lensk,80,1553275646,79,60.71,114.91,268.913,4.36,RU
527,pinheiro machado,88,1553275647,65,-31.58,-53.38,294.063,2.91,BR
528,lata,0,1553275507,72,30.78,78.62,275.563,1.01,IN
529,tirau,92,1553275625,42,-37.98,175.76,290.37,1.66,NZ
531,roma,0,1553275288,36,41.89,12.48,294.15,4.1,IT
532,orebro,0,1553275613,68,59.27,15.21,284.15,7.2,SE
533,mananjary,32,1553275655,91,-19.16,46.8,288.963,0.61,MG
534,hashtrud,92,1553275656,84,37.48,47.05,273.963,1.26,IR
535,kharan,100,1553275658,42,28.58,65.42,292.663,2.71,PK
536,singaparna,32,1553275659,95,-7.35,108.11,292.113,0.86,ID
537,van wert,75,1553275605,56,40.86,-84.58,280.37,7.2,US
538,honningsvag,75,1553273400,95,70.98,25.97,273.15,7.2,NO
539,kaeo,8,1553274485,95,-35.1,173.78,286.48,1.21,NZ
540,tadine,92,1553275665,100,-21.55,167.88,298.863,6.36,NC
541,chingirlau,0,1553275667,80,51.09,54.08,268.663,1.86,KZ
542,tabas,0,1553270400,47,33.6,56.92,288.15,1,IR
543,gamba,0,1553275298,43,28.28,88.52,251.013,1.66,CN
544,saint-marc,76,1553275672,86,19.1,-72.7,297.713,1.61,HT
545,bosaso,0,1553275673,100,11.28,49.18,298.263,1.31,SO
546,ust-nera,56,1553275675,41,64.57,143.24,246.513,0.86,RU
547,maldonado,75,1553274000,64,-34.91,-54.96,294.15,5.7,UY
549,berezovyy,48,1553275678,68,51.67,135.7,254.013,1.21,RU
550,gorontalo,0,1553275679,95,0.54,123.06,295.813,0.86,ID
551,mitzic,64,1553275681,83,0.78,11.55,300.063,1.21,GA
552,tamiahua,76,1553275683,100,21.28,-97.45,296.463,3.01,MX
553,mahanoro,88,1553275684,100,-19.9,48.8,296.013,0.76,MG
554,namatanai,44,1553275686,100,-3.66,152.44,300.763,1.61,PG
555,lorengau,92,1553275687,99,-2.02,147.27,301.213,3.66,PG
556,perth,40,1553275573,76,56.4,-3.43,283.15,9.8,GB
557,acajutla,0,1553275690,41,13.59,-89.83,305.463,2.31,SV
558,miri,12,1553275692,27,10.31,9.75,305.063,2.01,NG
559,pasinler,0,1553273400,74,39.98,41.67,271.15,1.5,TR
560,kungurtug,0,1553275695,57,50.6,97.53,254.013,1.06,RU
561,ostersund,0,1553274708,52,63.18,14.64,278.15,6.2,SE
563,kamariotissa,0,1553275200,54,40.48,25.47,286.15,2.1,GR
564,dombarovskiy,20,1553275700,82,50.76,59.54,271.913,1.66,RU
565,santa rosa,0,1553275703,66,-36.62,-64.29,298.063,3.01,AR
566,te anau,12,1553275705,94,-45.41,167.72,281.713,1.11,NZ
567,catuday,76,1553275706,90,16.29,119.81,299.663,2.76,PH
568,saint-joseph,0,1553275549,25,43.56,6.97,293.15,1,FR
569,norrtalje,0,1553275682,41,59.76,18.7,280.15,7.2,SE
570,ternate,40,1553275685,69,14.29,120.72,302.59,4.1,PH
573,abu dhabi,0,1553274000,50,24.47,54.37,299.15,4.6,AE
574,southbridge,90,1553275712,86,42.08,-72.03,277.59,4.1,US
575,sibolga,80,1553275715,100,1.74,98.78,294.413,0.41,ID
578,tamandare,20,1553275718,64,-8.28,-70.75,305.213,1.66,BR
579,faya,0,1553270400,55,18.39,42.45,293.15,2.6,SA
580,mount gambier,90,1553270400,88,-37.83,140.78,291.15,3.1,AU
583,batsfjord,20,1553273400,74,70.63,29.72,274.15,13.9,NO
584,puerto ayacucho,40,1553274000,52,5.66,-67.63,307.15,1.61,CO
585,menemen,0,1553275627,47,38.6,27.08,289.26,4.1,TR
586,pisco,0,1553274000,30,-13.71,-76.2,295.15,3.6,PE
587,amapa,75,1553274000,65,15.09,-87.97,300.15,4.1,HN
588,yuanping,0,1553275730,40,38.72,112.71,269.313,3.91,CN
589,sao felix do xingu,92,1553275732,97,-6.64,-51.99,298.013,1.16,BR
590,jatibonico,0,1553275733,51,21.94,-79.17,300.313,5.01,CU
591,paamiut,88,1553275735,97,61.99,-49.67,272.163,3.41,GL
592,dennery,75,1553274000,62,13.9,-60.89,302.15,6.7,LC
593,panama city,1,1553275507,36,30.16,-85.65,292.59,2.6,US
594,buala,48,1553275740,95,-8.15,159.59,300.213,2.06,SB
595,taber,20,1553274000,57,49.79,-112.14,282.15,2.6,CA
596,vila velha,40,1553275696,70,-3.71,-38.6,303.15,5.1,BR
597,am timan,0,1553275744,14,11.04,20.28,305.913,3.31,TD
598,mandsaur,0,1553275746,44,24.07,75.07,293.663,4.06,IN
599,ulaangom,8,1553275747,42,49.98,92.07,255.563,0.91,MN
600,mbanza-ngungu,36,1553275749,95,-5.25,14.87,295.013,2.11,CD
